Workbook

Sheet Summary
A1: Sprint 1 Test Case Summary
A3: Backlog ID | B3: Story | C3: Positive | D3: Negative | E3: Exception | F3: Total | G3: Pass | H3: Fail | I3: Blocked | J3: Not Run
A4: DP-00 | B4: User account creation & sign-in | C4: =COUNTIFS('Test Cases'!$B$5:$B$75,$A4,'Test Cases'!$F$5:$F$75,"Positive") -> 2 | D4: =COUNTIFS('Test Cases'!$B$5:$B$75,$A4,'Test Cases'!$F$5:$F$75,"Negative") -> 6 | E4: =COUNTIFS('Test Cases'!$B$5:$B$75,$A4,'Test Cases'!$F$5:$F$75,"Exception") -> 1 | F4: =SUM(C4:E4) -> 9 | G4: =COUNTIFS('Test Cases'!$B$5:$B$75,$A4,'Test Cases'!$N$5:$N$75,"Pass") -> 0 | H4: =COUNTIFS('Test Cases'!$B$5:$B$75,$A4,'Test Cases'!$N$5:$N$75,"Fail") -> 0 | I4: =COUNTIFS('Test Cases'!$B$5:$B$75,$A4,'Test Cases'!$N$5:$N$75,"Blocked") -> 0 | J4: =COUNTIFS('Test Cases'!$B$5:$B$75,$A4,'Test Cases'!$N$5:$N$75,"Not Run") -> 9
A5: DP-01 | B5: Submit requisition form digitally | C5: =COUNTIFS('Test Cases'!$B$5:$B$75,$A5,'Test Cases'!$F$5:$F$75,"Positive") -> 4 | D5: =COUNTIFS('Test Cases'!$B$5:$B$75,$A5,'Test Cases'!$F$5:$F$75,"Negative") -> 3 | E5: =COUNTIFS('Test Cases'!$B$5:$B$75,$A5,'Test Cases'!$F$5:$F$75,"Exception") -> 1 | F5: =SUM(C5:E5) -> 8 | G5: =COUNTIFS('Test Cases'!$B$5:$B$75,$A5,'Test Cases'!$N$5:$N$75,"Pass") -> 0 | H5: =COUNTIFS('Test Cases'!$B$5:$B$75,$A5,'Test Cases'!$N$5:$N$75,"Fail") -> 0 | I5: =COUNTIFS('Test Cases'!$B$5:$B$75,$A5,'Test Cases'!$N$5:$N$75,"Blocked") -> 0 | J5: =COUNTIFS('Test Cases'!$B$5:$B$75,$A5,'Test Cases'!$N$5:$N$75,"Not Run") -> 8
A6: DP-02 | B6: Automatic requisition validation | C6: =COUNTIFS('Test Cases'!$B$5:$B$75,$A6,'Test Cases'!$F$5:$F$75,"Positive") -> 2 | D6: =COUNTIFS('Test Cases'!$B$5:$B$75,$A6,'Test Cases'!$F$5:$F$75,"Negative") -> 4 | E6: =COUNTIFS('Test Cases'!$B$5:$B$75,$A6,'Test Cases'!$F$5:$F$75,"Exception") -> 1 | F6: =SUM(C6:E6) -> 7 | G6: =COUNTIFS('Test Cases'!$B$5:$B$75,$A6,'Test Cases'!$N$5:$N$75,"Pass") -> 0 | H6: =COUNTIFS('Test Cases'!$B$5:$B$75,$A6,'Test Cases'!$N$5:$N$75,"Fail") -> 0 | I6: =COUNTIFS('Test Cases'!$B$5:$B$75,$A6,'Test Cases'!$N$5:$N$75,"Blocked") -> 0 | J6: =COUNTIFS('Test Cases'!$B$5:$B$75,$A6,'Test Cases'!$N$5:$N$75,"Not Run") -> 7
A7: DP-03 | B7: Attach supporting documents | C7: =COUNTIFS('Test Cases'!$B$5:$B$75,$A7,'Test Cases'!$F$5:$F$75,"Positive") -> 4 | D7: =COUNTIFS('Test Cases'!$B$5:$B$75,$A7,'Test Cases'!$F$5:$F$75,"Negative") -> 3 | E7: =COUNTIFS('Test Cases'!$B$5:$B$75,$A7,'Test Cases'!$F$5:$F$75,"Exception") -> 1 | F7: =SUM(C7:E7) -> 8 | G7: =COUNTIFS('Test Cases'!$B$5:$B$75,$A7,'Test Cases'!$N$5:$N$75,"Pass") -> 0 | H7: =COUNTIFS('Test Cases'!$B$5:$B$75,$A7,'Test Cases'!$N$5:$N$75,"Fail") -> 0 | I7: =COUNTIFS('Test Cases'!$B$5:$B$75,$A7,'Test Cases'!$N$5:$N$75,"Blocked") -> 0 | J7: =COUNTIFS('Test Cases'!$B$5:$B$75,$A7,'Test Cases'!$N$5:$N$75,"Not Run") -> 8
A8: DP-04 | B8: View previous requisitions | C8: =COUNTIFS('Test Cases'!$B$5:$B$75,$A8,'Test Cases'!$F$5:$F$75,"Positive") -> 3 | D8: =COUNTIFS('Test Cases'!$B$5:$B$75,$A8,'Test Cases'!$F$5:$F$75,"Negative") -> 3 | E8: =COUNTIFS('Test Cases'!$B$5:$B$75,$A8,'Test Cases'!$F$5:$F$75,"Exception") -> 1 | F8: =SUM(C8:E8) -> 7 | G8: =COUNTIFS('Test Cases'!$B$5:$B$75,$A8,'Test Cases'!$N$5:$N$75,"Pass") -> 0 | H8: =COUNTIFS('Test Cases'!$B$5:$B$75,$A8,'Test Cases'!$N$5:$N$75,"Fail") -> 0 | I8: =COUNTIFS('Test Cases'!$B$5:$B$75,$A8,'Test Cases'!$N$5:$N$75,"Blocked") -> 0 | J8: =COUNTIFS('Test Cases'!$B$5:$B$75,$A8,'Test Cases'!$N$5:$N$75,"Not Run") -> 7
A9: DP-05 | B9: Real-time requisition tracking | C9: =COUNTIFS('Test Cases'!$B$5:$B$75,$A9,'Test Cases'!$F$5:$F$75,"Positive") -> 4 | D9: =COUNTIFS('Test Cases'!$B$5:$B$75,$A9,'Test Cases'!$F$5:$F$75,"Negative") -> 2 | E9: =COUNTIFS('Test Cases'!$B$5:$B$75,$A9,'Test Cases'!$F$5:$F$75,"Exception") -> 1 | F9: =SUM(C9:E9) -> 7 | G9: =COUNTIFS('Test Cases'!$B$5:$B$75,$A9,'Test Cases'!$N$5:$N$75,"Pass") -> 0 | H9: =COUNTIFS('Test Cases'!$B$5:$B$75,$A9,'Test Cases'!$N$5:$N$75,"Fail") -> 0 | I9: =COUNTIFS('Test Cases'!$B$5:$B$75,$A9,'Test Cases'!$N$5:$N$75,"Blocked") -> 0 | J9: =COUNTIFS('Test Cases'!$B$5:$B$75,$A9,'Test Cases'!$N$5:$N$75,"Not Run") -> 7
A10: DP-06 | B10: View approval chain | C10: =COUNTIFS('Test Cases'!$B$5:$B$75,$A10,'Test Cases'!$F$5:$F$75,"Positive") -> 5 | D10: =COUNTIFS('Test Cases'!$B$5:$B$75,$A10,'Test Cases'!$F$5:$F$75,"Negative") -> 2 | E10: =COUNTIFS('Test Cases'!$B$5:$B$75,$A10,'Test Cases'!$F$5:$F$75,"Exception") -> 1 | F10: =SUM(C10:E10) -> 8 | G10: =COUNTIFS('Test Cases'!$B$5:$B$75,$A10,'Test Cases'!$N$5:$N$75,"Pass") -> 0 | H10: =COUNTIFS('Test Cases'!$B$5:$B$75,$A10,'Test Cases'!$N$5:$N$75,"Fail") -> 0 | I10: =COUNTIFS('Test Cases'!$B$5:$B$75,$A10,'Test Cases'!$N$5:$N$75,"Blocked") -> 0 | J10: =COUNTIFS('Test Cases'!$B$5:$B$75,$A10,'Test Cases'!$N$5:$N$75,"Not Run") -> 8
A11: DP-07 | B11: QR code scan (phygital sync) | C11: =COUNTIFS('Test Cases'!$B$5:$B$75,$A11,'Test Cases'!$F$5:$F$75,"Positive") -> 5 | D11: =COUNTIFS('Test Cases'!$B$5:$B$75,$A11,'Test Cases'!$F$5:$F$75,"Negative") -> 3 | E11: =COUNTIFS('Test Cases'!$B$5:$B$75,$A11,'Test Cases'!$F$5:$F$75,"Exception") -> 2 | F11: =SUM(C11:E11) -> 10 | G11: =COUNTIFS('Test Cases'!$B$5:$B$75,$A11,'Test Cases'!$N$5:$N$75,"Pass") -> 0 | H11: =COUNTIFS('Test Cases'!$B$5:$B$75,$A11,'Test Cases'!$N$5:$N$75,"Fail") -> 0 | I11: =COUNTIFS('Test Cases'!$B$5:$B$75,$A11,'Test Cases'!$N$5:$N$75,"Blocked") -> 0 | J11: =COUNTIFS('Test Cases'!$B$5:$B$75,$A11,'Test Cases'!$N$5:$N$75,"Not Run") -> 10
A12: DP-08 | B12: Dept Head review & notifications | C12: =COUNTIFS('Test Cases'!$B$5:$B$75,$A12,'Test Cases'!$F$5:$F$75,"Positive") -> 4 | D12: =COUNTIFS('Test Cases'!$B$5:$B$75,$A12,'Test Cases'!$F$5:$F$75,"Negative") -> 2 | E12: =COUNTIFS('Test Cases'!$B$5:$B$75,$A12,'Test Cases'!$F$5:$F$75,"Exception") -> 1 | F12: =SUM(C12:E12) -> 7 | G12: =COUNTIFS('Test Cases'!$B$5:$B$75,$A12,'Test Cases'!$N$5:$N$75,"Pass") -> 0 | H12: =COUNTIFS('Test Cases'!$B$5:$B$75,$A12,'Test Cases'!$N$5:$N$75,"Fail") -> 0 | I12: =COUNTIFS('Test Cases'!$B$5:$B$75,$A12,'Test Cases'!$N$5:$N$75,"Blocked") -> 0 | J12: =COUNTIFS('Test Cases'!$B$5:$B$75,$A12,'Test Cases'!$N$5:$N$75,"Not Run") -> 7
A13: TOTAL | C13: =SUM(C4:C12) -> 33 | D13: =SUM(D4:D12) -> 28 | E13: =SUM(E4:E12) -> 10 | F13: =SUM(F4:F12) -> 71 | G13: =SUM(G4:G12) -> 0 | H13: =SUM(H4:H12) -> 0 | I13: =SUM(I4:I12) -> 0 | J13: =SUM(J4:J12) -> 71
A15: Pass rate (of executed) | C15: =IF(G13+H13=0,"n/a",G13/(G13+H13)) -> n/a
A16: Execution progress | C16: =IF(F13=0,0,(F13-J13)/F13) -> 0

Sheet Test Cases
A1: DocuPulse – Sprint 1 Test Cases (DP-00 to DP-08)
A2: Product: DocuPulse: An AI-Assisted Phygital Document Tracking System | Sprint 1: 21 Sep – 2 Oct 2026 | Source: Product Backlog (Sprint file) + Fully Dressed Use Cases (MSYADD1 documentation)
A4: Test Case ID | B4: Backlog ID | C4: Epic | D4: Use Case / Feature | E4: Test Scenario | F4: Type | G4: Priority | H4: Preconditions | I4: Test Steps | J4: Test Data | K4: Expected Result | L4: AC / Source Ref | M4: Actual Result | N4: Status | O4: Tested By | P4: Date Tested | Q4: Remarks
A5: TC-DP00-01 | B5: DP-00 | C5: Auth & Account Creation | D5: User Registration / Login | E5: Register with valid institutional credentials and department | F5: Positive | G5: High | H5: User is on the registration page; email not yet registered. | I5: 1. Open Register page. 2. Enter name, institutional email, password. 3. Select a department. 4. Tick the terms agreement. 5. Click Register. | J5: Email: juan.delacruz@apc.edu.ph | Password: Docu@Pulse1 | Dept: Logistics | K5: Account is created; user is assigned the default Requestor role (or assigned role) and linked to the selected department; success message shown. | L5: AC1, AC3 | N5: Not Run
A6: TC-DP00-02 | B6: DP-00 | C6: Auth & Account Creation | D6: User Registration / Login | E6: Login with valid credentials routes user per assigned role | F6: Positive | G6: High | H6: Registered, active account exists. | I6: 1. Open Login page. 2. Enter valid email and password. 3. Click Login. | J6: Registered account from TC-DP00-01 | K6: User is authenticated and lands on the dashboard showing only menus/features allowed for the assigned role. | L6: Story | N6: Not Run
A7: TC-DP00-03 | B7: DP-00 | C7: Auth & Account Creation | D7: User Registration / Login | E7: Password that fails requirements is rejected | F7: Negative | G7: High | H7: User is on registration page. | I7: 1. Fill all fields with a valid email and department. 2. Enter a weak password. 3. Click Register. | J7: Password: 12345 (too short, no letters/symbols) | K7: Registration blocked; message states the password requirements; no account created. | L7: AC2 | N7: Not Run
A8: TC-DP00-04 | B8: DP-00 | C8: Auth & Account Creation | D8: User Registration / Login | E8: Registration without selecting a department | F8: Negative | G8: High | H8: User is on registration page. | I8: 1. Fill name, email, password. 2. Leave Department unselected. 3. Tick terms and click Register. | J8: Dept: (blank) | K8: Registration blocked; Department field highlighted with a required-field message. | L8: AC2 | N8: Not Run
A9: TC-DP00-05 | B9: DP-00 | C9: Auth & Account Creation | D9: User Registration / Login | E9: Registration without agreeing to terms | F9: Negative | G9: Medium | H9: User is on registration page. | I9: 1. Fill all fields correctly. 2. Leave terms checkbox unticked. 3. Click Register. | J9: Terms: unchecked | K9: Registration blocked; message asks the user to agree to the terms. | L9: AC2 | N9: Not Run
A10: TC-DP00-06 | B10: DP-00 | C10: Auth & Account Creation | D10: User Registration / Login | E10: Registration with non-institutional or already-registered email | F10: Negative | G10: High | H10: An account for juan.delacruz@apc.edu.ph already exists. | I10: 1. Register using an existing email. 2. Register using a personal email domain. | J10: a) juan.delacruz@apc.edu.ph b) someone@gmail.com | K10: Both attempts rejected with clear messages (duplicate account / institutional email required); no new account created. | L10: AC1 | N10: Not Run
A11: TC-DP00-07 | B11: DP-00 | C11: Auth & Account Creation | D11: User Registration / Login | E11: Login with incorrect password | F11: Negative | G11: High | H11: Registered account exists. | I11: 1. Enter valid email and wrong password. 2. Click Login. | J11: Password: WrongPass99 | K11: Login denied; generic 'invalid credentials' message; no session created. | L11: Story | N11: Not Run
A12: TC-DP00-08 | B12: DP-00 | C12: Auth & Account Creation | D12: User Registration / Login | E12: Access protected page without logging in | F12: Negative | G12: High | H12: User is logged out. | I12: 1. Paste a dashboard/requisition URL directly into the browser. | J12: URL: /dashboard | K12: User is redirected to Login page; no data displayed. | L12: Story | N12: Not Run
A13: TC-DP00-09 | B13: DP-00 | C13: Auth & Account Creation | D13: User Registration / Login | E13: Authentication service unavailable during registration/login | F13: Exception | G13: Medium | H13: Supabase Auth is unreachable (simulate by disconnecting network/blocking the auth endpoint). | I13: 1. Attempt to register. 2. Attempt to login. | J13: Valid credentials | K13: User sees a friendly 'service unavailable, try again later' error; no partial account is created; app does not crash. | L13: Story | N13: Not Run
A14: TC-DP01-01 | B14: DP-01 | C14: EP-01 Requisition Form Submission | D14: Manage Requisition / Submit Requisition | E14: Submit requisition with all required fields | F14: Positive | G14: High | H14: Requestor is logged in and has permission to submit. | I14: 1. Select Manage Requisition > Create Requisition. 2. Choose Equipment Request Form. 3. Fill in all required fields. 4. Click Submit and confirm. | J14: Type: Equipment Request | Item: Projector | Qty: 1 | Needed by: valid future date | K14: Requisition record is created with a unique requisition ID and submission timestamp; confirmation message displayed; status = Submitted. | L14: AC1-AC3 | N14: Not Run
A15: TC-DP01-02 | B15: DP-01 | C15: EP-01 Requisition Form Submission | D15: Manage Requisition / Submit Requisition | E15: Each supported form type shows its own fields | F15: Positive | G15: High | H15: Requestor is logged in. | I15: 1. Create Requisition. 2. Select each type in turn: Equipment, Gate Pass, Vehicle Trip Ticket, Food Allowance, Library/Guidance Acquisition. | J15: All 5 form types | K15: The correct form and required fields are displayed for each type. | L15: Use Case 1 | N15: Not Run
A16: TC-DP01-03 | B16: DP-01 | C16: EP-01 Requisition Form Submission | D16: Manage Requisition / Submit Requisition | E16: Requisition IDs are unique across submissions | F16: Positive | G16: High | H16: Requestor is logged in. | I16: 1. Submit requisition A. 2. Submit a different requisition B. 3. Compare IDs. | J16: Two distinct requisitions | K16: Each submission gets a different ID; no ID is reused. | L16: AC3 | N16: Not Run
... A75: TC-DP08-07 | B75: DP-08 | C75: EP-02 Requisition Tracking & Status | D75: Send Notification Status / Review (Dept Head) | E75: Notification service unavailable | F75: Exception | G75: Medium | H75: Realtime/notification service is down. | I75: 1. Submit a requisition. 2. Check the requestor's confirmation and later the notification history. | J75: — | K75: Submission still succeeds; failure is handled gracefully (no crash) and the notification is recorded/delivered once service is restored. | L75: Use Case 11 Exception | N75: Not Run

Sheet Notes & Assumptions
A1: Notes & Assumptions
A3: How these were built | B3: Test cases are derived from the Sprint 1 backlog items DP-00 to DP-08 (acceptance criteria) and the Fully Dressed Use Cases in the MSYADD1 documentation (flows, preconditions, postconditions, exception conditions). Each story has Positive, Negative and Exception cases.
A4: Type definitions | B4: Positive = expected behaviour under normal use. Negative = invalid input, unauthorized access or incorrect user action. Exception = system/service failure or interruption.
A5: Status values | B5: Not Run / Pass / Fail / Blocked (dropdown). The Summary sheet updates automatically.
A6: Assumption – truncated AC (DP-03) | B6: The backlog text for DP-03 ends at 'Supported formats include'. Assumed formats: PDF, DOCX, JPG/PNG; max file size to be confirmed by the team. Update TC-DP03-05/06 data once decided.
A7: Assumption – truncated AC (DP-05) | B7: AC3 reads 'Updates appear within one minute of status…'; interpreted as 'within one minute of a status change'.
A8: Assumption – truncated AC (DP-07) | B8: AC4 ends at 'Tracking location updates in the system upon successful…'; interpreted as 'upon successful scan'.
A9: Observation – DP-08 | B9: The story ('review requisition forms') is about Department Head review, but its acceptance criteria only describe notifications. Tests cover both; the approve/reject decision itself is DP-09 (Sprint 2) and is not tested here.
A10: Out of scope for Sprint 1 | B10: AI features (Smart Tagging, Anomaly Detection, Smart Flow Rerouting, Predictive Analytics), approvals (DP-09–11), dashboards/user management (DP-16–17), budget analytics and escalation alerts are planned for Sprints 2–4.
A11: Test data | B11: Emails, names and IDs are fictional placeholders; replace with actual test accounts for each role (Requestor, Department Head, Finance, Logistics).
